{"access_token": "ya29.a0ARrdaM8gR9GqPOCqStzP85yGLAFeMkYwjuB3DNORgtpFh2W_bbdfeP00eJBUEBMv5RUNbZoPa0-C48Y7J-TVJeJSFKAh6x4VKiU3zDqQDs-7zb8OY6yQX2aT-PSpNbH77rGaBEIr88MTcfS8xxXOHu-aJu1L5g", "client_id": "538516541913-a3nms3tiv5gn2muaf9rvou7dkn250qfs.apps.googleusercontent.com", "client_secret": "kSb1iACDPHweVeUpUnHjK62D", "refresh_token": "1//0eVFrFFN00xCmCgYIARAAGA4SNwF-L9IrN9ZvS4hjLimP7DPEq7-MWv6YDQFWHOHf8679GewKj6E82BNQpZ8lDuug2CDGY2kSZZo", "token_expiry": "2021-08-15T06:00:45Z", "token_uri": "https://oauth2.googleapis.com/token", "user_agent": null, "revoke_uri": "https://oauth2.googleapis.com/revoke", "id_token": null, "id_token_jwt": null, "token_response": {"access_token": "ya29.a0ARrdaM8gR9GqPOCqStzP85yGLAFeMkYwjuB3DNORgtpFh2W_bbdfeP00eJBUEBMv5RUNbZoPa0-C48Y7J-TVJeJSFKAh6x4VKiU3zDqQDs-7zb8OY6yQX2aT-PSpNbH77rGaBEIr88MTcfS8xxXOHu-aJu1L5g", "expires_in": 3599, "scope": "https://www.googleapis.com/auth/drive.file", "token_type": "Bearer"}, "scopes": ["https://www.googleapis.com/auth/drive.file"], "token_info_uri": "https://oauth2.googleapis.com/tokeninfo", "invalid": false, "_class": "OAuth2Credentials", "_module": "oauth2client.client"}